time,ground_force_right_vx,ground_force_right_vy,ground_force_right_vz,ground_force_right_px,ground_force_right_py,ground_force_right_pz,ground_torque_right_x,ground_torque_right_y,ground_torque_right_z,ground_force_left_vx,ground_force_left_vy,ground_force_left_vz,ground_force_left_px,ground_force_left_py,ground_force_left_pz,ground_torque_left_x,ground_torque_left_y,ground_torque_left_z,valid,flag_reason
0.0,49.29367767,91.53723681,85.68758523,0.89898233,0.0,0.02568806,0.0,0.0803032,0.0,-0.0,-0.0,-0.0,0.0,0.0,0.0,0.0,0.0,0.0,True,
0.05,13.96957497,538.7194313,12.1602672,0.84744442,0.0,-0.01600993,0.0,1.77869111,0.0,49.53777674,73.4419782,-18.38839816,0.69236869,0.0,-0.27765481,0.0,-0.75353832,0.0,True,
0.1,-6.20470765,533.91803762,-14.16126265,0.8683933,0.0,-0.00568066,0.0,2.80716477,0.0,-20.09496007,62.75433452,-4.81109742,0.70093921,0.0,-0.28212273,0.0,-0.29676092,0.0,True,
0.15,4.25326583,435.46857217,-25.25898675,0.88327302,0.0,0.0011113,0.0,7.10839151,0.0,-43.27271725,121.61545078,-0.56474036,0.7173545,0.0,-0.27549906,0.0,-0.78366789,0.0,True,
0.2,-45.48471232,370.59446807,38.04775182,0.88429943,0.0,0.00072662,0.0,3.96809363,0.0,59.71635714,143.30949891,-45.88745321,0.73366401,0.0,-0.25947093,0.0,-0.20329822,0.0,True,
0.25,-17.32947772,578.68243474,-4.23022821,0.87920534,0.0,0.00028833,0.0,-7.67180152,0.0,47.48175104,96.72581324,-41.96952168,0.73907705,0.0,-0.24607368,0.0,0.29962315,0.0,True,
0.3,45.9830171,574.47081606,-30.67313179,0.86563756,0.0,-0.00132392,0.0,-5.71592888,0.0,-5.27849632,4.89081463,1.24283299,0.75016048,0.0,-0.24899314,0.0,-0.00082906,0.0,True,
0.35,62.72921714,437.7881207,-16.73371335,0.86106107,0.0,0.00050463,0.0,0.8632254,0.0,-1.23697822,0.77177934,0.21202699,0.81022573,0.0,-0.26565299,0.0,-0.00099332,0.0,True,
0.4,6.40377584,406.42125598,-23.39360131,0.86633533,0.0,0.00578136,0.0,1.97312676,0.0,-4.37013401,2.63298647,1.69296033,0.89617673,0.0,-0.28887692,0.0,-0.00348306,0.0,True,
0.45,49.9575698,478.56789118,-38.97656797,0.86378902,0.0,0.0046176,0.0,-2.43337255,0.0,-1.28019328,0.84174241,0.58692269,0.98822986,0.0,-0.31230619,0.0,1.324e-05,0.0,True,
0.5,94.68379818,732.63964018,-33.51544101,0.85578898,0.0,0.00027549,0.0,-4.10099838,0.0,-0.00252853,0.00162932,0.00088248,0.95844793,0.0,-0.27485181,0.0,7.12e-06,0.0,True,
0.55,68.17935103,541.73758874,-30.9633394,0.85660527,0.0,0.00024681,0.0,0.42515896,0.0,-0.7676738,0.49875561,0.12527731,0.98871191,0.0,-0.26143085,0.0,2.003e-05,0.0,True,
0.6,53.38357662,472.89285478,-24.87627357,0.86716597,0.0,0.0044195,0.0,1.19553322,0.0,-5.06489307,3.43327128,0.00801466,1.05137619,0.0,-0.2665562,0.0,2.529e-05,0.0,True,
0.65,93.37392078,582.33666539,-41.4370495,0.89151636,0.0,0.01011581,0.0,0.58671186,0.0,-49.21060645,41.26389499,-9.17930329,1.0993133,0.0,-0.26474341,0.0,0.00125827,0.0,True,
0.7,22.78097332,420.40742382,-6.26954057,0.91766544,0.0,0.01430902,0.0,0.0049182,0.0,15.6211723,278.21236759,-2.95014749,1.12685037,0.0,-0.26610318,0.0,0.33490337,0.0,True,
0.75,-14.38872504,169.88804697,1.10199215,0.95010012,0.0,0.01515806,0.0,-0.14536333,0.0,23.09304608,442.44631303,38.38096012,1.13831588,0.0,-0.27497466,0.0,1.08112476,0.0,True,
0.8,20.39887758,62.97855716,45.76463608,0.97532533,0.0,0.01324454,0.0,-0.05294053,0.0,4.96439665,419.85529433,-9.08219408,1.14857118,0.0,-0.2827625,0.0,1.93350873,0.0,True,
0.85,-0.44835149,30.18119569,29.95461347,0.98036386,0.0,-0.00123444,0.0,-0.00887884,0.0,63.5738559,503.99628271,9.81686426,1.1583619,0.0,-0.2875509,0.0,1.701311,0.0,True,
0.9,-9.55374278,13.40127593,11.09661002,0.99377763,0.0,-0.02477145,0.0,-0.00080961,0.0,97.22191039,639.29028143,59.40335338,1.1682493,0.0,-0.29269349,0.0,1.57535061,0.0,True,
0.95,-2.89406704,2.4136391,1.17973205,1.0320235,0.0,-0.04747956,0.0,-2.45e-06,0.0,84.49796915,502.87712218,73.06304711,1.17556228,0.0,-0.29719951,0.0,-0.44166816,0.0,True,
1.0,-19.40246985,17.02056942,3.21278716,1.11945977,0.0,0.02338636,0.0,-0.04076012,0.0,160.74082967,567.14502532,67.05795275,1.20779733,0.0,-0.27796231,0.0,2.32248568,0.0,True,
1.05,-10.2459108,6.07173017,0.36881182,1.19439292,0.0,0.02657094,0.0,-0.00061377,0.0,83.61814133,477.79414768,40.40200694,1.24116969,0.0,-0.28997576,0.0,1.53351845,0.0,True,
1.1,-6.32002635,3.11076747,0.00827175,1.28366121,0.0,0.01750943,0.0,0.00349538,0.0,0.25079504,413.80828978,41.59298189,1.25108858,0.0,-0.29634225,0.0,1.39917784,0.0,True,
1.15,-4.33638731,2.15087208,0.28433702,1.28186351,0.0,-0.02465146,0.0,0.00681386,0.0,-38.29711477,435.08498147,45.2973785,1.2390794,0.0,-0.29797962,0.0,1.95948778,0.0,True,
1.2,-51.67605565,32.75959686,9.27169516,1.35354326,0.0,-0.03633595,0.0,0.00352332,0.0,78.82532956,414.23116855,55.24919405,1.23248038,0.0,-0.30156374,0.0,2.084612,0.0,True,
1.25,-118.88558481,103.4369828,38.07270465,1.40907919,0.0,-0.04669335,0.0,-0.00397721,0.0,218.8006297,438.08493797,26.36711145,1.22878003,0.0,-0.30225672,0.0,1.20867628,0.0,True,
1.3,18.01025955,270.20995301,2.50335432,1.43938764,0.0,-0.04724043,0.0,-0.88701129,0.0,115.79005729,417.22699691,33.56713384,1.23591736,0.0,-0.30192313,0.0,-0.44233126,0.0,True,
1.35,0.01484218,399.27462466,-19.8798503,1.46079518,0.0,-0.03141097,0.0,-5.30717427,0.0,16.82499277,187.274659,10.06349198,1.2700807,0.0,-0.30537007,0.0,-1.84058871,0.0,True,
1.4,-35.33430317,407.7939621,1.36911007,1.47682455,0.0,-0.02112255,0.0,-7.56775839,0.0,-20.05116661,148.93429182,-13.43974362,1.29768217,0.0,-0.30491075,0.0,-2.11658284,0.0,True,
1.45,-38.06427363,563.20209079,31.62197652,1.48062373,0.0,-0.01688623,0.0,-6.23416532,0.0,80.83842109,171.91872289,-37.30269272,1.31403439,0.0,-0.29424204,0.0,-0.92672383,0.0,True,
1.5,151.40482509,606.71850761,3.13975405,1.49850957,0.0,-0.00491842,0.0,-2.54818414,0.0,19.00208372,54.39853891,-44.80827998,1.3225948,0.0,-0.28044702,0.0,0.02290193,0.0,True,
1.55,90.26755533,498.60403089,-60.1254913,1.50911565,0.0,0.00959857,0.0,-5.91635529,0.0,0.0004878,-0.00045327,-0.000148,0.0,0.0,0.0,0.0,6.561e-05,0.0,True,
1.6,4.52704834,396.89322361,-29.57534818,1.51782427,0.0,0.02133192,0.0,-3.49667604,0.0,-0.0028326,0.00176905,0.0004545,1.4141957,0.0,-0.2871725,0.0,-0.0,0.0,True,
1.65,-20.25587537,414.3852994,-46.53791643,1.52870225,0.0,0.02633423,0.0,2.35949952,0.0,-0.0046518,0.00253232,0.00148841,1.510647,0.0,-0.31265318,0.0,-1e-08,0.0,True,
1.7,25.35960811,476.85828003,-12.39070741,1.52574229,0.0,0.02254286,0.0,3.81389409,0.0,-0.00306542,0.00143881,0.0006802,1.62870374,0.0,-0.3418726,0.0,-0.0,0.0,True,
1.75,118.33627514,632.88821292,-31.25176183,1.51399796,0.0,0.01224374,0.0,-1.3550595,0.0,-4.218e-05,2.055e-05,7.91e-06,1.60816226,0.0,-0.31288305,0.0,5e-08,0.0,True,
1.8,155.32568212,640.38264885,-34.33457036,1.5130231,0.0,0.00802081,0.0,-4.95402254,0.0,-0.35024736,0.19147645,0.05959721,1.68076639,0.0,-0.32369549,0.0,4.3e-07,0.0,True,
1.85,105.55088748,528.38251645,-12.91175914,1.53909715,0.0,0.01154499,0.0,1.48123968,0.0,-4.41746423,2.89702505,0.50130107,1.75890999,0.0,-0.33472562,0.0,8.7e-07,0.0,True,
1.9,133.34062291,564.57594318,-11.33293596,1.56195753,0.0,0.00842078,0.0,3.15263561,0.0,-35.056945,29.5717835,-1.79064095,1.80988731,0.0,-0.33748433,0.0,0.0001734,0.0,True,
1.95,152.98283549,568.3427666,-7.28918541,1.57916786,0.0,0.00547571,0.0,0.34277956,0.0,8.92494334,137.37351853,-31.74763665,1.83409358,0.0,-0.33693722,0.0,0.04541199,0.0,True,
2.0,0.01150035,0.01879933,-0.02304523,1.60086976,0.0,-0.14733207,0.0,-2e-08,0.0,49.76056165,526.32703082,41.89774357,1.90954534,0.0,-0.24631496,0.0,1.31047275,0.0,True,
2.05,0.61753408,1.00589438,-1.1582366,1.63415059,0.0,-0.05625812,0.0,-5.7e-07,0.0,29.97443099,529.78145316,29.2396289,1.91968793,0.0,-0.24571446,0.0,-3.38959954,0.0,True,
2.1,1.10540707,6.25151555,-7.69218364,1.63036073,0.0,-0.00797767,0.0,0.0,0.0,24.56819416,585.16613035,45.69229985,1.92510737,0.0,-0.24126578,0.0,-2.46764051,0.0,True,
2.15,-1.34119612,2.25059352,-2.23758746,1.64222986,0.0,0.03361699,0.0,0.0,0.0,81.66748937,562.90627128,33.96204649,1.91181322,0.0,-0.23952201,0.0,3.43220017,0.0,True,
2.2,-1.26685232,1.14487672,-0.4187058,1.67327098,0.0,0.0555767,0.0,-0.0,0.0,94.93617474,559.11349546,26.00213308,1.90352103,0.0,-0.2396135,0.0,2.67198685,0.0,True,
2.25,-1.16257469,0.84208189,-0.16398118,1.72230314,0.0,0.0644388,0.0,-0.0,0.0,108.58673638,616.91290174,28.4950745,1.90863248,0.0,-0.24185786,0.0,0.7485135,0.0,True,
2.3,-0.38783888,0.21400061,-0.04264198,1.80564944,0.0,0.07348573,0.0,-0.0,0.0,62.57339291,579.45945175,32.59472188,1.91972998,0.0,-0.24553248,0.0,-3.62256082,0.0,True,
2.35,-0.04251038,0.02079957,-0.00258848,1.91789199,0.0,0.07969369,0.0,-0.0,0.0,-13.56256825,436.45178567,45.47247062,1.93078242,0.0,-0.25093878,0.0,-1.06506465,0.0,True,
2.4,-0.00294812,0.0014099,-7.919e-05,2.03238736,0.0,0.08026324,0.0,1e-08,0.0,56.10357599,504.35644817,56.49436636,1.93724469,0.0,-0.25527694,0.0,0.52743552,0.0,True,
2.45,-0.11938237,0.05828967,-0.00069699,1.98391141,0.0,0.02946774,0.0,-2.3e-06,0.0,102.23935421,642.40869751,66.65301437,1.93831285,0.0,-0.25533334,0.0,-1.53919138,0.0,True,
2.5,-58.33635105,31.68579583,5.50942894,2.07249945,0.0,0.02895522,0.0,-1.558e-05,0.0,84.00835705,490.75848283,31.30867726,1.94228149,0.0,-0.25509447,0.0,-1.48011478,0.0,True,
2.55,-124.60675424,104.9701328,52.40280504,2.14309761,0.0,0.01708977,0.0,0.00027743,0.0,170.93942366,388.84529307,15.68639378,1.95810648,0.0,-0.25319392,0.0,-1.1751606,0.0,True,
2.6,-17.80412241,240.48345684,1.02021008,2.1762412,0.0,0.00837449,0.0,-0.27752693,0.0,98.11807968,477.66345313,15.39992464,1.97158665,0.0,-0.24390196,0.0,-2.2568402,0.0,True,
2.65,-15.81202852,413.4594704,-8.33846463,2.21399018,0.0,0.02061939,0.0,-4.42055325,0.0,65.80256876,290.6912884,-1.66275217,1.99070169,0.0,-0.23262233,0.0,-1.56535519,0.0,True,
2.7,-25.09037953,438.99871673,13.10310811,2.23401491,0.0,0.0275162,0.0,-6.28006434,0.0,136.74880757,243.45844587,-38.82682333,2.00969464,0.0,-0.22398772,0.0,-0.18562041,0.0,True,
2.75,73.17953891,381.70126855,-5.95590487,2.24251847,0.0,0.03331955,0.0,-6.44298234,0.0,72.37261386,158.02265105,-22.44609173,2.01223128,0.0,-0.218917,0.0,0.03748335,0.0,True,
2.8,70.36006646,380.02584423,-33.69062208,2.24956899,0.0,0.04317237,0.0,-2.47490115,0.0,0.01485807,-0.01284804,-0.0036106,0.0,0.0,0.0,0.0,0.00405749,0.0,True,
2.85,53.13794149,521.63393867,-33.68599195,2.26947528,0.0,0.05429301,0.0,1.75239623,0.0,-0.06945213,0.04251531,0.00489716,2.1055939,0.0,-0.22997362,0.0,-0.0,0.0,True,
2.9,36.27896678,436.1737852,-35.7463275,2.29704461,0.0,0.05969022,0.0,4.00425212,0.0,-0.07712123,0.0387535,0.00521427,2.2092731,0.0,-0.23561432,0.0,-0.0,0.0,True,
2.95,73.8413025,349.01356605,2.67996125,2.31163131,0.0,0.05596614,0.0,2.8703733,0.0,-8.04321189,3.77708672,0.19697488,2.31913747,0.0,-0.23936348,0.0,-1.3e-07,0.0,True,
3.0,33.79120139,33.02854942,-10.09181696,2.45024994,0.0,-0.01376599,0.0,-0.08894231,0.0,-15.81516071,542.18172883,34.01982892,2.58549358,0.0,-0.28326758,0.0,-5.38502988,0.0,False,peak vertical GRF 1644.6 N (2.892x BW) > 2.00x BW (1137.6 N) - physiologically implausible
3.05,52.4435018,115.19016951,3.2203836,2.42875832,0.0,-0.01602275,0.0,-1.075718,0.0,1.59053202,518.82530461,37.74629937,2.51062271,0.0,-0.29289042,0.0,1.27197524,0.0,False,peak vertical GRF 1644.6 N (2.892x BW) > 2.00x BW (1137.6 N) - physiologically implausible
3.1,104.64687539,166.31510896,-17.31451713,2.39069631,0.0,-0.04276785,0.0,-2.98159721,0.0,27.69942342,493.2090379,33.07255429,2.47604353,0.0,-0.29726048,0.0,-0.12279131,0.0,False,peak vertical GRF 1644.6 N (2.892x BW) > 2.00x BW (1137.6 N) - physiologically implausible
3.15,105.00139948,129.00026356,56.29967501,2.37182411,0.0,-0.05206472,0.0,-1.36565417,0.0,4.17487842,339.48341804,-91.95623206,2.470672,0.0,-0.3027105,0.0,-2.72901369,0.0,False,peak vertical GRF 1644.6 N (2.892x BW) > 2.00x BW (1137.6 N) - physiologically implausible
3.2,-6.12099734,119.04812599,140.79275463,2.37882952,0.0,-0.06448939,0.0,-0.14291531,0.0,94.29821896,501.8294416,-88.2790463,2.47847314,0.0,-0.30354407,0.0,-3.24294252,0.0,False,peak vertical GRF 1644.6 N (2.892x BW) > 2.00x BW (1137.6 N) - physiologically implausible
3.25,-21.63394394,67.2397021,76.51124181,2.411067,0.0,-0.08746115,0.0,-0.09175558,0.0,88.12982967,713.28112124,22.88520158,2.49800478,0.0,-0.30686921,0.0,2.55860794,0.0,False,peak vertical GRF 1644.6 N (2.892x BW) > 2.00x BW (1137.6 N) - physiologically implausible
3.3,0.25901866,39.97169208,42.6839352,2.46705071,0.0,-0.11466816,0.0,-0.08198795,0.0,32.1620009,463.84801284,30.42970885,2.52476003,0.0,-0.30957815,0.0,-0.52184037,0.0,False,peak vertical GRF 1644.6 N (2.892x BW) > 2.00x BW (1137.6 N) - physiologically implausible
3.35,158.93145786,237.67049689,96.63670523,2.48975486,0.0,-0.162163,0.0,-0.66462179,0.0,-154.34620126,421.95322787,-215.54513874,2.5300619,0.0,-0.30666153,0.0,-0.50689955,0.0,False,peak vertical GRF 1644.6 N (2.892x BW) > 2.00x BW (1137.6 N) - physiologically implausible
3.4,89.97675768,793.73979661,-32.99487765,2.47457559,0.0,-0.17615286,0.0,-5.97548462,0.0,-0.07912195,-0.32708488,-0.5249441,0.0,0.0,0.0,0.0,1.33108058,0.0,False,peak vertical GRF 1644.6 N (2.892x BW) > 2.00x BW (1137.6 N) - physiologically implausible
3.45,399.75639984,1322.24023748,151.68490014,2.46579105,0.0,-0.16830229,0.0,-20.05035818,0.0,-0.0,-0.0,-0.0,0.0,0.0,0.0,0.0,0.0,0.0,False,peak vertical GRF 1644.6 N (2.892x BW) > 2.00x BW (1137.6 N) - physiologically implausible
3.5,-14.74336091,11.57071248,-5.29061304,2.51359616,0.0,-0.09947734,0.0,-0.00221267,0.0,-0.0,-0.0,-0.0,0.0,0.0,0.0,0.0,0.0,0.0,False,peak vertical GRF 1644.6 N (2.892x BW) > 2.00x BW (1137.6 N) - physiologically implausible
3.55,-46.53968007,29.73880083,-15.86410482,2.57213904,0.0,-0.14787355,0.0,-0.00056466,0.0,-0.0,-0.0,-0.0,0.0,0.0,0.0,0.0,0.0,0.0,False,peak vertical GRF 1644.6 N (2.892x BW) > 2.00x BW (1137.6 N) - physiologically implausible
3.6,-90.31042423,58.22892162,1.82816058,2.65754877,0.0,-0.13178987,0.0,0.00166318,0.0,-0.0,-0.0,-0.0,0.0,0.0,0.0,0.0,0.0,0.0,False,peak vertical GRF 1644.6 N (2.892x BW) > 2.00x BW (1137.6 N) - physiologically implausible
3.65,-105.5729725,69.76485233,46.28400391,2.72882958,0.0,-0.14301881,0.0,0.0351963,0.0,-0.0,0.0,-0.0,0.0,0.0,0.0,0.0,0.0,0.0,False,peak vertical GRF 1644.6 N (2.892x BW) > 2.00x BW (1137.6 N) - physiologically implausible
3.7,-154.37938717,138.79199439,142.76199463,2.72066717,0.0,-0.15128317,0.0,0.49815014,0.0,-0.0,0.0,-0.0,0.0,0.0,0.0,0.0,0.0,0.0,False,peak vertical GRF 1644.6 N (2.892x BW) > 2.00x BW (1137.6 N) - physiologically implausible
3.75,352.2759989,1644.64470757,79.18177752,2.71282948,0.0,-0.18200337,0.0,27.38111054,0.0,-0.0,0.0,-0.0,0.0,0.0,0.0,0.0,0.0,0.0,False,peak vertical GRF 1644.6 N (2.892x BW) > 2.00x BW (1137.6 N) - physiologically implausible
3.8,150.31782062,905.34086559,65.27634225,2.74291418,0.0,-0.18326221,0.0,11.99776721,0.0,-1.2e-07,4.4e-07,-5.3e-07,2.53047638,0.0,-0.39716102,0.0,-0.0,0.0,False,peak vertical GRF 1644.6 N (2.892x BW) > 2.00x BW (1137.6 N) - physiologically implausible
3.85,13.12988482,469.67556565,34.38713161,2.77691802,0.0,-0.18545927,0.0,-1.81519825,0.0,-2.47e-05,3.374e-05,-2.474e-05,2.55244917,0.0,-0.38108749,0.0,-0.0,0.0,False,peak vertical GRF 1644.6 N (2.892x BW) > 2.00x BW (1137.6 N) - physiologically implausible
3.9,-5.03045821,497.89687771,79.6953837,2.78700396,0.0,-0.18903953,0.0,-5.10789106,0.0,-5.538e-05,5.641e-05,6.09e-06,2.57604976,0.0,-0.38534261,0.0,-0.0,0.0,False,peak vertical GRF 1644.6 N (2.892x BW) > 2.00x BW (1137.6 N) - physiologically implausible
3.95,128.20988762,501.33798731,71.97872986,2.79132108,0.0,-0.18773818,0.0,-5.66112708,0.0,-0.00556863,0.00497393,-0.00040487,2.60164099,0.0,-0.38300578,0.0,-0.0,0.0,False,peak vertical GRF 1644.6 N (2.892x BW) > 2.00x BW (1137.6 N) - physiologically implausible
4.0,82.57983261,669.94748988,28.5638015,2.99885316,0.0,-0.01249734,0.0,-0.45974377,0.0,0.24906501,0.3655946,0.29068534,2.75603942,0.0,-0.22650224,0.0,2.558e-05,0.0,True,
4.05,68.51825541,572.7361129,22.26682125,2.97734101,0.0,-0.00611557,0.0,-0.11946833,0.0,41.51874318,120.09919348,-10.76120715,2.76493397,0.0,-0.24214267,0.0,-0.00319476,0.0,True,
4.1,148.24214143,307.68018448,-7.93157372,2.95703765,0.0,0.00126291,0.0,-1.58499486,0.0,-40.27976344,103.31984383,-8.26464687,2.76719,0.0,-0.2448076,0.0,-7.561e-05,0.0,True,
4.15,22.36573157,362.24398065,-32.74820255,2.9476913,0.0,0.00669633,0.0,-0.48232381,0.0,-34.44043981,27.88395725,1.74170989,2.79292521,0.0,-0.24690741,0.0,-5e-08,0.0,True,
4.2,43.24732619,610.8593573,2.9070916,2.94697832,0.0,0.01006777,0.0,1.98512458,0.0,-22.12797442,14.9237125,4.37952315,2.85134599,0.0,-0.25524559,0.0,-5e-08,0.0,True,
4.25,108.95932305,427.88036666,-29.45584071,2.94804864,0.0,0.013691,0.0,0.85104486,0.0,-7.70586202,4.74760532,0.67326888,2.92373165,0.0,-0.26488343,0.0,3.7e-07,0.0,True,
4.3,40.61969689,493.9685033,-11.14522988,2.94253488,0.0,0.01545126,0.0,-0.8575361,0.0,-0.18056813,0.10848075,0.01290864,3.00706778,0.0,-0.27047362,0.0,4.34e-06,0.0,True,
4.35,120.62127777,667.29617582,-30.18404908,2.92722901,0.0,0.01156798,0.0,-0.55143347,0.0,-0.0089951,0.00567796,-0.0010856,3.02128446,0.0,-0.23587606,0.0,1.814e-05,0.0,True,
4.4,77.58027211,498.1764684,-20.91211413,2.92255595,0.0,0.01139744,0.0,3.02156061,0.0,-8.76278414,5.73166795,-1.50672457,2.980032,0.0,-0.20748436,0.0,5.294e-05,0.0,True,
4.45,103.1923071,498.9545693,-21.45321669,2.93685487,0.0,0.01343919,0.0,7.4734455,0.0,-76.05186687,62.18125292,-26.2545996,3.03147076,0.0,-0.19661246,0.0,0.00053122,0.0,True,
4.5,60.54990978,509.00587829,51.50632274,2.96576194,0.0,0.01185512,0.0,6.96742002,0.0,0.37286472,160.88602215,-57.98391882,3.05997826,0.0,-0.19085244,0.0,0.06324461,0.0,True,
4.55,-113.63320639,330.52375641,88.5377493,2.99522057,0.0,0.007141,0.0,1.20445932,0.0,158.7058603,195.29058693,-117.95991624,3.07082565,0.0,-0.1956023,0.0,0.10010492,0.0,True,
4.6,6.06878205,312.93991703,19.63928316,3.02026023,0.0,-0.00660304,0.0,1.52792689,0.0,45.67474941,311.20999201,-16.24610927,3.08537823,0.0,-0.19883043,0.0,1.50447913,0.0,True,
4.65,129.54229044,243.52593226,41.15957497,3.03669071,0.0,-0.02001354,0.0,0.45142676,0.0,-74.15159346,351.12494156,-10.98298918,3.11646614,0.0,-0.20532188,0.0,1.51273377,0.0,True,
4.7,150.92356741,225.07962312,54.88845855,3.04459794,0.0,-0.02354312,0.0,0.02354818,0.0,-72.76744419,310.38285952,-21.96342981,3.12650211,0.0,-0.2053503,0.0,0.92548836,0.0,True,
4.75,0.92979006,185.41113275,36.99804519,3.04516444,0.0,-0.02610319,0.0,0.00010167,0.0,90.14098916,337.95345454,-9.96745522,3.12857812,0.0,-0.20619814,0.0,0.54194291,0.0,True,
4.8,-29.60763943,27.62154734,-6.38885244,3.05749924,0.0,-0.02624953,0.0,-1.505e-05,0.0,89.96219981,442.49611651,40.76935569,3.12957855,0.0,-0.2087592,0.0,-0.51698614,0.0,True,
4.85,-1.54513646,1.25450044,-0.32896949,3.10170431,0.0,-0.01725626,0.0,-1.3e-07,0.0,145.07685874,725.72124197,72.93056516,3.13487617,0.0,-0.21203114,0.0,-5.54740592,0.0,True,
4.9,-0.20351138,0.13413519,-0.01214384,3.16619582,0.0,-0.01064356,0.0,-0.0,0.0,75.99315203,446.44261404,57.31393669,3.15852654,0.0,-0.21843722,0.0,-2.33989066,0.0,True,
4.95,-3.36229187,1.81569002,0.31732565,3.24939018,0.0,-0.01420921,0.0,4.2e-07,0.0,44.62673158,356.87112611,11.89335118,3.17338707,0.0,-0.21985511,0.0,-0.39689977,0.0,True,
5.0,-0.30395403,0.1962035,0.05885662,3.39648645,0.0,0.05110551,0.0,1.913e-05,0.0,23.49262164,296.3406647,20.12322869,3.24740567,0.0,-0.22427308,0.0,-2.23222064,0.0,True,
5.05,-0.33856842,0.2175848,0.08492536,3.42541856,0.0,0.01856683,0.0,-4.75e-06,0.0,102.8426515,562.99450829,51.00970615,3.25310999,0.0,-0.23368861,0.0,1.22869249,0.0,True,
5.1,-24.27902972,16.95411879,5.59992097,3.3532396,0.0,-0.00111103,0.0,-0.00277274,0.0,118.02536903,557.04171039,57.40723607,3.23842114,0.0,-0.23077856,0.0,2.31880429,0.0,True,
5.15,-169.90313489,170.71007199,71.34306157,3.38955845,0.0,-0.00750103,0.0,-0.02475123,0.0,239.00490396,360.64644571,-27.09767712,3.23960985,0.0,-0.22816679,0.0,0.4865711,0.0,True,
5.2,20.3261389,374.31094948,8.50984725,3.41801216,0.0,-0.00847156,0.0,-0.28621435,0.0,51.88437109,322.34191906,2.73857017,3.24629269,0.0,-0.22440763,0.0,0.15933749,0.0,True,
5.25,18.61291078,486.91032631,-115.87736742,3.4380231,0.0,-0.00482682,0.0,-0.61291191,0.0,-4.70189088,163.42977419,47.96387836,3.26819453,0.0,-0.21924397,0.0,0.00069383,0.0,True,
5.3,-9.56425367,447.91427264,-67.14983366,3.44657636,0.0,-0.001266,0.0,-6.00901131,0.0,9.78314719,25.01201245,27.42138639,3.28791796,0.0,-0.23287583,0.0,-0.0015431,0.0,True,
5.35,45.4108451,629.75182853,-44.80053238,3.45347257,0.0,0.00183789,0.0,-8.9432053,0.0,6.4625771,14.11807028,15.90323565,3.27977072,0.0,-0.27049338,0.0,-0.00021643,0.0,True,
5.4,31.08419458,708.97651135,-22.21542287,3.45587666,0.0,0.00623786,0.0,-2.5337739,0.0,2.48301071,18.03908973,20.0774837,3.27530955,0.0,-0.30439245,0.0,-1.761e-05,0.0,True,
5.45,0.56306917,441.60878236,-27.93002831,3.44126022,0.0,0.01017269,0.0,-1.11953162,0.0,-0.68487269,1.01348668,0.70450576,3.28516007,0.0,-0.32828199,0.0,0.0,0.0,True,
5.5,49.00636461,514.22126667,-29.65206499,3.43722522,0.0,0.0135744,0.0,-2.07306858,0.0,-0.01340623,0.01340068,0.00062545,3.3108398,0.0,-0.33424696,0.0,0.0,0.0,True,
5.55,16.75902915,459.22417345,-33.4820855,3.44149679,0.0,0.01772019,0.0,0.09525592,0.0,-0.00056898,0.00042317,-7.307e-05,3.35667623,0.0,-0.32970813,0.0,0.0,0.0,True,
5.6,24.72699037,510.29509209,-12.47019223,3.45187201,0.0,0.02163275,0.0,1.94616653,0.0,-0.00038327,0.00022496,-3.205e-05,3.42927257,0.0,-0.32324082,0.0,0.0,0.0,True,
5.65,25.60838148,567.94423866,-18.94409643,3.46131199,0.0,0.02304881,0.0,1.9153449,0.0,-0.00021839,0.0001299,-3.571e-05,3.50938626,0.0,-0.31120696,0.0,0.0,0.0,True,
5.7,32.72574355,528.4914721,-26.88669711,3.45606988,0.0,0.0212693,0.0,2.26690715,0.0,-0.00015791,0.00010129,-3.588e-05,3.57288138,0.0,-0.29116878,0.0,4e-08,0.0,True,
5.75,65.85195087,549.54086199,-53.92460634,3.45237993,0.0,0.02055957,0.0,3.08778139,0.0,-0.12707614,0.09322064,-0.03606353,3.467309,0.0,-0.26243689,0.0,6.486e-05,0.0,True,
5.8,166.49206731,524.94847528,-19.15471304,3.45919909,0.0,0.02265276,0.0,0.92104144,0.0,-81.28962899,82.23894542,-46.47920976,3.49625011,0.0,-0.25356907,0.0,0.02079862,0.0,True,
5.85,71.84635945,380.65185973,-3.07511939,3.47828385,0.0,0.02468008,0.0,0.98476035,0.0,28.7590483,327.57178839,25.60882333,3.54070747,0.0,-0.25387696,0.0,0.18530036,0.0,True,
5.9,-23.70947861,92.38470385,-15.42314058,3.52029676,0.0,0.02226144,0.0,0.5769777,0.0,50.25371887,398.71866562,63.0102822,3.59308196,0.0,-0.25965466,0.0,-0.81165088,0.0,True,
5.95,-54.42474009,57.33745853,3.18229171,3.55007794,0.0,0.01491496,0.0,0.11748358,0.0,90.1648913,555.77646412,45.19468382,3.61460884,0.0,-0.26007493,0.0,0.13175416,0.0,True,
6.0,27.8341021,32.17221752,-5.36272892,3.55306814,0.0,0.0291258,0.0,0.24472713,0.0,14.31321504,512.44171092,42.8011111,3.65504667,0.0,-0.20611656,0.0,1.46797314,0.0,True,
6.05133333,17.59312774,24.66805314,-2.98193981,3.54156181,0.0,0.0257709,0.0,0.00473639,0.0,49.9700987,624.14351359,54.55116633,3.63851743,0.0,-0.20426461,0.0,3.31029323,0.0,True,
6.10266666,9.80172514,10.55599476,-1.67324301,3.58400329,0.0,0.02648216,0.0,0.02458894,0.0,34.93435584,490.94411114,44.26947212,3.63393262,0.0,-0.20682436,0.0,2.73545104,0.0,True,
6.154,8.20133813,16.31924485,-0.00151428,3.6185974,0.0,0.02705107,0.0,0.04584795,0.0,20.87218428,624.15686804,43.35344152,3.63013757,0.0,-0.20985762,0.0,1.88223138,0.0,True,
6.20533333,-8.80153202,11.51211354,3.24498569,3.62739003,0.0,0.02429398,0.0,0.00962552,0.0,50.85771966,552.22941764,40.1379752,3.62061558,0.0,-0.21254348,0.0,1.53992557,0.0,True,
6.25666666,-1.72497475,1.94646411,0.79156877,3.63777576,0.0,0.0159433,0.0,-0.00095532,0.0,58.50007967,462.21642769,17.83131262,3.61702398,0.0,-0.21792939,0.0,2.77312315,0.0,True,
6.30799999,-1.94738544,2.07919653,1.04603596,3.64361776,0.0,0.00326242,0.0,-0.00125125,0.0,61.33727764,578.14966355,40.12641446,3.62038098,0.0,-0.2227222,0.0,3.4852855,0.0,True,
6.35933332,-15.25260551,13.88084089,6.51649078,3.64941779,0.0,-0.01017004,0.0,-0.01868128,0.0,33.18642454,544.4926333,49.8945198,3.62013538,0.0,-0.22493748,0.0,2.17165386,0.0,True,
6.41066666,-35.99953862,34.41321704,15.13307959,3.65771269,0.0,-0.02179834,0.0,-0.17599888,0.0,20.82757335,491.21307304,46.16428801,3.61486489,0.0,-0.22645669,0.0,1.64706568,0.0,True,
6.46199999,-17.19610147,77.17378175,19.36779675,3.66319856,0.0,-0.02666439,0.0,-1.06128348,0.0,35.06156952,527.37677014,24.6607352,3.61429413,0.0,-0.22836022,0.0,1.68087638,0.0,True,
6.51333332,45.23305099,179.14337871,6.64170918,3.67118538,0.0,-0.02380716,0.0,-0.06774711,0.0,-20.57759245,391.822391,30.55719045,3.61362421,0.0,-0.22938917,0.0,0.27344271,0.0,True,
6.56466665,-20.58108947,295.19808984,-65.36578682,3.6612898,0.0,-0.01506784,0.0,-3.43648739,0.0,4.9887215,290.20256335,57.34050534,3.61976815,0.0,-0.23236669,0.0,-0.10274491,0.0,True,
6.61599998,-10.50172328,355.6279391,-59.61522544,3.64585018,0.0,-0.00756995,0.0,-3.63193769,0.0,27.25052864,226.40888628,50.29378079,3.6254877,0.0,-0.23565689,0.0,0.1576912,0.0,True,
6.66733332,31.43179379,355.91611244,-54.78338021,3.63430702,0.0,-0.00221465,0.0,-1.39770461,0.0,-0.33534149,170.91052521,34.98389209,3.63314964,0.0,-0.23881753,0.0,0.10761381,0.0,True,
6.71866665,39.59902159,407.99956198,-60.28108257,3.63001518,0.0,0.0012632,0.0,-1.74311313,0.0,-17.26509009,160.14176486,33.46486333,3.63948405,0.0,-0.2401546,0.0,0.37705649,0.0,True,
6.76999998,51.11589376,420.9901789,-58.06168336,3.62790705,0.0,0.00302913,0.0,-0.6095158,0.0,-9.25790977,137.92205061,45.15575039,3.63551644,0.0,-0.23891034,0.0,0.31675791,0.0,True,
6.82133331,31.0738024,401.28418769,-26.85954796,3.62752432,0.0,0.00498322,0.0,-0.21414972,0.0,12.10994537,133.882044,9.01608674,3.63082132,0.0,-0.23871283,0.0,-0.1959203,0.0,True,
6.87266664,25.53373088,422.57810722,-21.15549053,3.6296699,0.0,0.00642073,0.0,0.13346633,0.0,19.94839684,161.87410557,8.07140672,3.63023682,0.0,-0.23719787,0.0,-0.47397896,0.0,True,
6.92399998,28.57672634,383.47106068,-32.77320766,3.63406485,0.0,0.00771769,0.0,1.08775042,0.0,2.86228574,172.13250355,19.7172008,3.63475322,0.0,-0.23648422,0.0,-0.61328478,0.0,True,
6.97533331,30.39990063,373.64848052,-40.05002571,3.63844467,0.0,0.00902801,0.0,1.36661308,0.0,3.99622206,187.67905431,34.72767274,3.6415245,0.0,-0.23744506,0.0,-0.56661835,0.0,True,
7.02666664,31.94879319,357.40187107,-25.52768354,3.64499192,0.0,0.0099903,0.0,1.37538737,0.0,26.27286313,216.13960451,25.54105845,3.64559443,0.0,-0.23721852,0.0,-1.12632621,0.0,True,
7.07799997,23.05650471,291.48973988,-29.63870176,3.65427215,0.0,0.01113445,0.0,1.14450412,0.0,24.36212993,203.54567405,30.94562281,3.65177264,0.0,-0.23686049,0.0,-1.32316267,0.0,True,
7.1293333,28.93604632,338.57200072,-18.70252162,3.66350888,0.0,0.01212531,0.0,1.31853369,0.0,13.13037113,257.54042745,30.9565693,3.65609432,0.0,-0.23626774,0.0,-1.4704382,0.0,True,
7.18066664,16.48578295,327.29517534,8.13915916,3.67021212,0.0,0.01313788,0.0,0.63734164,0.0,54.38651142,290.78161001,14.03565484,3.65850449,0.0,-0.23506354,0.0,-1.06488216,0.0,True,
7.23199997,28.30478457,207.27400347,-12.15540315,3.68544776,0.0,0.01637642,0.0,0.31693194,0.0,36.30199149,252.37562066,27.63663557,3.6670305,0.0,-0.23306597,0.0,-0.39995384,0.0,True,
